page,vin
1,2C4RC1CG2PR628638
2,2C4RC1CG4PR628656
3,2C4RC1CG9PR625736
4,2C4RC1CGXPR625745
5,2C4RC1CGXPR628645
6,2C7WDGBG6KR756526
7,2C7WDGBG8KR803135
8,5TDZZ3DC1LS073978
9,5TDZZ3DC2LS073830
10,5TDZZ3DC9LS074246
11,2C4RC1CG3PR631225
12,2C4RC1CG0PR628637
13,2C4RC1CG5PR617049
14,2C4RC1CG0PR631229
15,2C4RC1CG2PR617056
16,2C4RC1CG4PR625725
17,2C4RC1CG5PR625751
18,2C4RC1CG5PR628651
19,2C4RC1CG6PR625726
20,2C4RC1CG6PR628674
21,2C4RC1CG8PR625727
22,2C4RC1CG9PR617118
23,2C4RC1CG9PR628667
24,2C4RDGBG9JR347476
25,2C4RDGCG4LR179277
26,2C4RDGEG5LR184839
27,2C4RDGEG6LR184848
28,2C4RDGEG7LR212415
29,2C4RDGEG8LR186178
30,2C4RDGEGXLR179247
31,2C4RDGEGXLR179264
32,2C7WDGBG1HR855070
33,5TDZZ3DC0LS074040
34,5TDZZ3DC3LS074632
35,5TDZZ3DC3LS081726
36,2C4RC1CG2PR631233
37,2C4RC1CG3PR625747
38,2C4RC1CG3PR628616
39,2C4RC1CG4PR625742
40,2C4RC1CG7PR625749
41,2C4RC1DG0MR602209
42,2C4RDGEG5LR179267
43,2C7WDGBG3KR756547
44,2C7WDGBG7HR838628
45,5TDZZ3DC3LS081743
46,5TDZZ3DC5LS074468
47,5TDZZ3DC9LS073825
48,2C4RC1CG7PR631230
49,2C4RC1CG9PR625753
50,2C4RC1CG3PR625733
51,2C4RC1CG5PR625720
52,2C4RC1CG7PR628649
53,2C4RC1CG8PR625730
54,2C4RC1CGXPR628676
55,2C4RC1DG1MR604003
56,2C4RC1DG4MR602200
57,2C4RC1DG9MR604010
58,2C4RDGBG5JR347474
59,2C4RDGEG9LR184827
60,2C7WDGBG2JR363945
61,2C7WDGBG7KR755935
62,2C7WDGBGXKR756478
63,5TDZZ3DCXLS027274
64,2C4RC1CG0PR625740
65,2C4RC1CG7PR628618
66,2C4RC1CG8PR628661
67,2C4RC1DGXMR602198
68,2C4RDGCG7KR690271
69,2C4RDGEG4LR184850
70,2C4RDGEG8LR184866
71,2C7WDGBG3KR756533
72,5TDZZ3DC9LS070603
73,5TDZZ3DC9LS074022
74,2C7WDGBG7KR803143
75,2C4RC1CGXPR625728
76,2C4RC1CG3PR628633
77,2C4RC1CG3PR628700
78,2C4RC1CG4PR628673
79,2C4RC1CG6PR628609
80,2C4RC1CG6PR628691
81,2C4RC1CG7PR628635
82,2C4RC1CG8PR628613
83,2C4RC1CG8PR628689
84,2C4RC1DG6MR604000
85,2C4RDGEG6LR168665
86,2C4RDGEG8KR594663
87,2C7WDGBG2KR755941
88,2C7WDGBG7KR756485
89,5TDZZ3DC2LS073357
90,5TDZZ3DC5LS073966
91,5TDZZ3DC6LS082501
92,2C4RC1CG8PR628627
93,2C4RC1CG0PR628671
94,2C4RC1CG1PR628629
95,2C4RC1CG5PR617181
96,2C4RC1CG5PR628679
97,2C4RC1CG6PR628657
98,2C4RC1DG9MR602208
99,2C4RDGEG6LR184865
100,2C7WDGBG3KR756550
101,2C7WDGBG8KR756494
102,5TDZZ3DC9LS074621
103,2C4RC1CG2PR625738
104,2C4RC1CG3PR628650
105,2C4RC1CG4PR628639
106,2C4RC1CG4PR628690
107,2C4RC1CG5PR617116
108,2C4RC1CG5PR628617
109,2C4RC1CG7PR625735
110,2C4RC1CG7PR628652
111,2C4RC1DG3MR602205
112,2C4RC1DG6MR602196
113,2C4RC1DG8MR602202
114,2C4RDGCG9LR183633
115,2C4RDGEG2LR168663
116,2C4RDGEG3LR179266
117,5TDZZ3DC2LS073598
118,5TDZZ3DC2LS074475
119,5TDZZ3DC6LS066492
120,2C4RC1CG4PR628608
121,2C4RC1CG7PR628702
122,2C4RC1CG3PR628664
123,2C4RC1CG4PR625739
124,2C4RC1CG4PR628642
125,2C4RC1CGXPR628693
126,2C4RC1CG4PR628611
127,2C4RC1CG2PR628672
128,2C4RC1CGXPR628628
129,2C4RDGCGXLR179283
130,2C4RDGEG8KR712257
131,2C4RDGEG4KR690208
132,2C4RDGEG9LR179269
133,2C4RDGCG0LR179292
134,2C4RDGEG4LR186176
135,2C4RDGEG9LR184830
136,2C4RDGEG6LR186177
137,2C4RDGEG8LR204338
138,2C4RDGEG3LR184841
139,2C4RC1CG6NR172138
141,5TDKRKEC6PS168892
143,2C4RC1DG8MR602216
145,2C4RC1CG2NR171827
147,2C4RC1DG5MR602237
149,2C4RC1CG0NR171826
151,2C4RC1CG6NR124106
153,5TDKRKEC4PS168695
155,2C4RC1CG8NR130182
157,2C7WDGBG6KR801271
159,5TDKRKEC9PS168482
161,2C4RC1CG4NR171828
163,5TDKRKEC2PS168873
165,2C7WDGBG4KR799438
167,2C4RC1DG7MR602238
169,2C4RC1DG1MR602218
171,2C4RC1DG3MR602236
173,2C4RC1CG0NR187833
175,2C7WDGBG4KR801284
